ASIN,Style,ABCXYZ,May_2025,May_v113a,May_v113b,May_gpt,Jun_2025,Jun_v113a,Jun_v113b,Jun_gpt,Jul_2025,Jul_v113a,Jul_v113b,Jul_gpt,Aug_2025,Aug_v113a,Aug_v113b,Aug_gpt,Sep_2025,Sep_v113a,Sep_v113b,Sep_gpt,Oct_2025,Oct_v113a,Oct_v113b,Oct_gpt,Nov_2025,Nov_v113a,Nov_v113b,Nov_gpt,Dec_2025,Dec_v113a,Dec_v113b,Dec_gpt,ann_v113a,ann_v113b,ann_gpt
B06ZYHKJ4Q,Marshmallow,AX,250,438,439,429,200,351,351,343,255,447,448,437,303,531,532,511,330,579,580,556,446,782,784,752,327,573,575,551,376,659,661,634,6079,6089,4213
B00U20EBBM,Amber,AX,666,511,511,518,282,216,295,319,568,436,436,443,627,481,481,499,610,468,468,485,543,417,417,432,594,456,456,473,484,371,371,385,5391,5470,3554
B071Y4CM3D,Leather,AX,441,492,493,467,323,361,361,341,418,467,467,438,430,480,480,421,347,387,388,340,380,424,425,372,372,415,416,364,439,490,491,430,5311,5316,3173
B009Z6KQGS,Rose,AX,552,483,482,539,415,363,363,407,451,395,394,445,490,429,428,535,389,340,340,425,456,399,399,498,385,337,336,420,422,369,369,461,5000,4996,3730
B009Z4Y5DK,Almond,AY,186,347,375,355,72,134,194,181,190,354,383,364,198,369,399,370,230,429,463,430,148,276,299,277,231,431,465,432,326,608,656,609,4170,4456,3018
B07W8PKDWQ,Vanilla Bean,AY,177,248,247,277,156,219,217,248,235,329,327,379,285,399,396,493,320,448,444,553,375,525,521,648,177,248,245,306,375,525,521,648,4026,4003,3552
B00BVX5VLI,Forest Pine,AZ,116,130,154,133,69,77,91,84,110,123,146,127,159,178,211,184,200,224,265,232,268,300,381,311,804,899,1063,932,791,884,1046,916,3366,3908,2919
B07JJ9DJKW,Strawberry Shortcake,AX,408,359,360,363,413,364,364,368,387,341,342,345,263,232,232,235,249,219,220,223,253,223,223,226,244,215,216,218,292,257,258,261,3875,3880,2239
B00BVX5UHI,Brown Sugar,AX,206,270,270,266,160,210,209,207,188,246,246,242,242,317,317,308,293,384,384,373,242,317,317,308,329,431,431,419,303,397,396,386,3612,3610,2509
B00BVX5SW0,Fresh Cotton,AY,1038,371,370,454,526,188,240,313,925,330,329,446,1000,357,357,592,962,343,343,570,814,291,290,482,477,170,170,283,348,124,124,206,3551,3600,3346
B009Z6KNP2,Lilac,AZ,954,681,719,729,507,362,382,389,268,191,202,346,269,192,203,208,217,155,164,168,165,118,124,128,152,108,115,118,217,347,164,168,3650,3569,2254
B06ZZN3718,Teakwood,AX,366,301,368,296,271,223,224,268,297,244,245,268,326,268,269,253,384,316,317,298,372,306,307,289,306,252,252,238,354,291,292,275,3479,3552,2185
B06ZYHKH7S,White Tea,AX,305,322,349,361,256,270,293,308,355,375,406,394,327,345,374,433,322,340,368,426,146,255,167,193,208,220,238,275,257,271,294,340,3279,3370,2730
B009Z6KMFS,Christmas Wreath,AZ,35,26,26,30,27,20,20,24,54,40,40,48,85,63,63,83,173,128,128,170,298,220,259,292,1788,1320,1321,1753,1540,1137,1139,1510,3135,3177,3910
B009Z6KLEK,Vanilla,AX,546,359,358,430,627,412,411,493,323,212,212,259,331,217,217,316,332,218,218,317,266,175,175,254,318,209,209,303,314,206,206,300,3153,3151,2672
B009Z6KLQS,Coconut,AY,580,448,448,456,540,417,417,425,281,217,217,250,249,192,192,201,132,102,102,124,131,101,101,106,157,121,121,127,151,117,117,122,2839,2839,1811
B009Z6KNFC,Lavender,AX,262,238,238,245,209,190,190,196,207,188,188,194,224,203,203,216,219,199,198,211,211,191,191,204,247,224,224,238,205,186,186,198,2558,2557,1702
B07JJ9DSKZ,Red Cherry,AX,276,291,302,305,187,197,205,208,202,213,221,226,177,186,194,201,149,157,163,169,142,149,155,161,149,157,163,169,170,179,186,193,2438,2498,1632
B06ZY6ZBV2,Campfire,AY,147,147,147,144,123,123,123,121,130,130,130,127,176,175,176,159,228,227,229,206,261,260,262,236,180,179,181,163,348,347,349,314,2450,2459,1470
B009Z6KLAY,Banana,AX,105,263,294,244,68,170,190,156,83,208,232,188,80,200,224,160,85,213,238,170,66,165,185,132,68,170,190,136,108,270,302,216,2227,2423,1402
B07W7MCMZ4,Bergamot,AX,170,199,222,230,148,173,193,224,152,177,198,230,167,195,219,295,175,204,229,309,154,180,202,272,146,170,191,258,215,251,280,380,2228,2413,2198
B07W6JZ8ZV,Honey,AY,226,241,242,238,144,154,154,167,149,159,159,167,167,178,178,170,132,141,141,134,91,97,97,93,120,128,128,122,153,163,164,156,2192,2194,1247
B07W5JW2DW,Sweet Tobacco,AX,171,177,177,169,113,117,117,122,132,137,137,129,165,171,171,150,147,152,152,134,169,175,175,154,213,220,220,194,206,213,213,188,2078,2078,1240
B01DMQ4M0W,Cotton Candy,AY,286,259,260,261,217,197,197,198,172,156,156,169,180,163,163,167,118,107,107,125,134,121,122,124,89,81,81,83,90,82,82,83,2007,2009,1210
B00LOX59YY,Ocean Breeze,AY,330,195,215,229,347,205,226,243,348,205,226,245,317,187,206,244,279,165,181,215,190,112,124,146,129,76,84,99,155,91,101,119,1841,1968,1540
B009Z6KL68,Sandalwood,AX,250,192,192,207,142,109,109,118,160,123,123,133,212,163,163,189,174,134,134,155,196,151,151,174,178,137,137,158,225,173,173,200,1909,1909,1334
B009Z6KLJA,Cinnamon,AY,90,91,91,93,69,70,70,71,90,91,91,93,170,173,173,179,284,289,289,299,252,256,256,265,264,268,269,278,272,276,276,286,1899,1900,1564
B06ZZX23ZL,Clean & Fresh,AX,120,155,155,144,113,146,146,135,124,160,160,147,98,126,126,105,87,112,112,108,128,165,165,138,106,137,137,114,127,164,164,136,1828,1828,1027
B07W7LBS9F,Cherry Blossom,AX,194,189,201,203,108,105,112,113,151,147,157,159,148,144,153,161,147,143,152,160,122,119,126,133,92,90,95,100,139,135,144,152,1723,1791,1181
B009Z6KN2K,Jasmine,AX,240,201,209,235,184,154,161,185,211,176,184,216,192,161,168,225,174,146,152,204,160,134,140,188,128,107,112,150,121,101,106,142,1676,1728,1545
B07W5JV2X9,Warm Vanilla Sugar,AX,177,123,123,130,155,107,107,114,174,121,121,129,256,177,178,199,247,171,171,192,194,134,135,151,248,172,172,193,261,181,181,203,1716,1718,1311
B01LZAQK4V,Green Tea,AX,169,165,165,173,137,134,134,141,161,158,158,166,135,132,132,145,138,135,135,148,123,120,120,132,144,141,141,155,155,152,152,167,1707,1707,1227
B00BVX5TI8,Peach,AX,197,189,189,190,119,114,114,124,183,176,176,176,175,168,168,170,120,115,115,116,126,121,121,122,114,157,109,111,132,127,127,128,1745,1697,1137
B00U20EA0E,Lemon,AY,133,156,156,154,44,52,81,96,87,102,102,112,121,142,142,136,110,129,129,124,126,148,148,142,113,133,132,127,115,135,135,129,1650,1678,1020
B009Z6KKVY,Patchouli,AX,127,152,152,149,102,122,122,139,130,156,155,149,154,185,184,241,80,96,96,125,144,173,172,225,117,140,140,183,122,146,146,191,1675,1672,1402
B009Z6KQ7C,Pear,AX,99,173,186,184,58,101,109,109,64,112,120,121,84,147,158,156,71,124,133,132,93,162,175,173,69,120,130,128,109,190,204,202,1574,1660,1205
B09CCXJNKG,New Car,AX,405,144,161,227,313,111,124,180,487,173,194,227,322,115,128,249,357,127,142,276,313,111,124,242,186,66,74,144,171,61,68,132,1367,1474,1677
B00U20EC4I,Bamboo,AX,154,167,168,160,93,101,101,102,94,102,102,97,112,122,122,110,88,96,96,87,85,92,92,84,111,121,121,109,127,138,138,125,1447,1448,874
B075834YVG,Hot Chocolate,AY,59,56,56,59,74,70,71,74,73,70,70,74,81,77,77,85,107,102,102,113,180,171,172,190,273,260,260,288,147,140,197,155,1345,1404,1038
B06ZXXL6F3,Frankincense & Myrrh,AX,262,124,121,118,248,118,114,118,264,125,122,118,289,137,133,212,315,149,145,232,227,108,105,167,165,78,76,121,248,118,114,182,1394,1367,1268
B01DMQEF0E,French Vanilla,AX,120,105,105,103,92,81,81,79,89,78,78,84,115,101,101,99,115,101,101,99,134,118,117,116,146,128,128,126,179,157,157,155,1351,1350,861
B00BVX5GHW,Sweet Pea,AX,92,122,141,115,79,105,121,99,71,94,108,88,59,78,90,68,78,104,119,91,61,117,93,71,49,65,75,57,84,112,128,97,1260,1338,686
B009YQ5650,Apple,AY,80,92,92,94,46,53,53,54,72,83,83,85,126,145,145,150,181,209,208,216,160,185,184,191,99,114,114,118,101,116,116,120,1326,1324,1028
B00BVX5UGY,Orange,AX,94,106,106,106,65,73,73,73,64,72,72,72,93,105,105,104,101,114,113,113,111,125,125,124,133,150,149,149,133,150,149,149,1311,1308,890
B00DFQDY18,Eucalyptus,AX,108,114,114,121,54,57,57,66,98,104,103,111,112,118,118,135,118,125,124,142,85,90,89,102,143,151,150,172,108,114,114,130,1296,1292,979
B00U20EFSG,Pina Colada,AY,150,176,176,171,134,157,157,152,119,140,139,135,100,117,117,110,61,72,72,67,57,67,67,63,42,49,49,46,55,64,64,60,1271,1270,804
B06ZZN3CV2,Magnolia,AX,190,147,147,157,161,125,125,133,145,113,112,121,101,78,78,89,121,94,94,106,85,66,66,75,103,80,80,90,102,79,79,90,1260,1259,861
B07JJ9DZJT,Aloe,BX,83,127,127,124,71,108,108,106,84,128,128,125,67,102,102,99,59,90,90,87,68,104,104,100,56,85,85,82,90,137,137,132,1243,1243,855
B017WPMDKU,Apple Cider,AZ,37,35,34,34,35,33,34,32,60,56,56,40,202,188,188,185,318,297,295,291,281,262,261,257,164,153,152,150,101,94,94,92,1231,1227,1081
B084RB8NJB,Cedar,BY,49,75,75,70,34,52,52,51,45,69,69,64,59,90,90,83,63,96,96,88,91,139,139,128,84,128,128,118,117,178,178,164,1193,1193,766
B00BVX5GXQ,Strawberry,AZ,206,130,130,140,141,89,89,96,108,68,68,79,97,61,61,67,89,56,56,62,55,35,35,44,54,34,34,44,84,53,53,58,1184,1184,590
B017WOMPZ4,Pumpkin Pie,AZ,40,22,22,24,38,21,29,29,77,43,43,48,303,168,168,191,715,396,396,450,397,220,220,250,167,92,92,105,47,26,38,30,1116,1136,1127
B0BTMXV7MX,Baby Fresh,AX,146,94,94,109,133,86,85,100,171,110,110,130,185,119,119,156,180,116,115,152,142,91,91,120,90,58,58,76,88,57,56,74,1131,1128,917
B00BVX5TXS,Pineapple,AY,189,147,147,149,111,87,86,88,107,83,83,85,91,71,71,73,86,67,67,69,84,65,65,67,80,62,62,64,80,62,62,64,1126,1125,659
B00BVX5FX2,Violet,BX,91,129,129,136,56,79,79,84,55,78,78,83,69,98,98,109,54,77,76,86,75,106,106,119,59,84,84,94,72,102,102,114,1125,1124,825
B01LXO82DN,Berries & Cream,AX,90,83,83,85,91,84,84,87,72,67,66,69,106,98,98,106,86,80,79,86,93,86,86,93,101,93,93,101,90,83,83,90,1124,1122,717
B07JJJJTMZ,Chai Tea,BY,38,54,54,52,27,38,38,37,33,47,46,45,85,120,120,115,79,111,111,107,132,186,186,178,97,137,136,131,108,152,152,146,1115,1113,811
B00LOX57XW,Cucumber Melon,AY,177,127,127,130,177,127,127,130,130,93,93,96,110,79,79,83,84,60,61,63,67,48,48,50,69,103,50,52,108,78,78,81,1158,1106,685
B07JJJFPH8,Blueberry Muffin,AX,132,88,87,99,126,84,83,95,132,88,87,101,123,82,81,104,149,99,99,126,147,97,97,125,111,74,73,94,147,97,97,125,1109,1104,869
B00U20EGMQ,Pomegranate,AX,91,86,86,87,78,74,74,75,76,72,72,73,80,76,76,77,105,99,99,102,84,79,79,81,112,106,106,108,100,94,94,97,1088,1088,700
B00BVX5T2Y,Mango,AX,125,113,106,109,129,117,109,113,107,97,90,93,88,80,74,77,75,68,63,66,71,64,60,62,82,74,69,72,107,97,90,94,1114,1065,686
B009Z6KPWI,Harvest Spice,AZ,41,29,29,32,34,24,28,27,98,69,70,37,217,154,154,184,398,282,283,337,274,194,195,232,125,89,89,106,67,47,61,57,991,1012,1012
B00BVX5VOA,Rain,AX,177,92,92,105,152,79,79,91,161,84,84,97,190,99,99,131,158,82,82,109,137,71,71,94,128,67,67,88,110,57,57,76,995,995,791
B075824NMT,Butterscotch,BX,47,53,53,55,56,63,63,65,71,80,80,83,82,92,92,98,95,107,107,114,84,95,94,101,91,102,102,109,92,104,103,110,980,978,735
B07JJ1J4BR,Coffee,AY,132,72,72,84,66,36,36,72,85,46,46,72,111,60,60,65,123,67,67,72,126,68,68,74,128,69,69,75,121,66,66,71,940,940,585
B00LOX58KO,Lily,BY,94,135,135,125,33,47,57,61,46,66,66,61,41,59,59,51,56,80,80,70,51,73,73,64,44,63,63,55,47,67,67,59,918,928,546
B071R3B2FW,Vetiver,BX,34,68,68,66,41,82,82,80,37,74,74,72,52,104,104,97,30,60,60,56,33,66,66,61,44,88,88,82,57,114,114,106,902,902,620
B009Z6KMTE,Gingerbread,BZ,13,11,12,12,16,14,14,15,30,25,27,28,46,39,41,44,81,69,72,77,122,104,109,115,272,231,242,257,318,270,283,301,839,876,849
B01D0MWU5C,Candy Cane,BZ,18,15,16,15,27,23,24,23,20,17,18,17,46,39,41,40,75,64,67,66,156,133,139,137,333,283,296,293,247,210,220,217,836,873,808
B06ZZN3CV8,Peony,BZ,222,189,197,62,39,33,70,47,137,116,122,62,101,86,90,69,109,93,97,75,55,47,49,38,36,31,32,25,40,34,36,27,807,871,405
B00LOX55V6,Bay Rum,AX,119,85,84,93,79,56,56,65,74,53,52,58,62,44,44,57,80,57,57,67,94,67,67,79,103,73,73,86,121,86,86,102,852,850,607
B009Z6KLZO,Cranberry,BZ,31,26,28,24,30,25,27,23,47,40,42,36,84,71,75,76,94,80,84,85,148,126,132,133,250,212,222,225,133,113,118,120,809,844,722
B01M1LQVZR,Autumn Wreath,AZ,24,20,20,11,25,21,21,11,62,51,51,11,169,140,140,158,295,244,243,276,200,166,165,187,106,88,87,99,52,43,43,49,834,831,802
B00BVX5S70,Plumeria,BY,93,93,93,92,54,54,54,66,69,69,69,68,65,65,65,63,52,52,52,51,47,47,47,46,54,54,54,53,63,63,63,61,818,818,500
B00BVX5GBS,Bubble Gum,BX,88,79,78,84,72,64,64,69,90,80,80,87,83,74,74,85,93,83,83,95,114,102,101,116,48,43,43,49,45,40,40,46,810,808,631
B0757X2TG5,Rosemary,BX,34,53,53,53,39,61,61,61,40,62,62,62,50,78,78,78,34,53,53,53,49,77,76,76,52,81,81,81,71,111,110,111,803,801,575
B06ZZXJK21,Chocolate Chip Cookie,BX,91,80,80,90,74,65,65,75,63,55,55,64,71,62,62,81,84,74,73,96,80,70,70,91,101,89,88,115,91,80,79,104,802,799,716
B00U20EHNE,Sugar Cookie,AY,83,35,35,40,75,32,32,37,93,40,40,47,86,37,37,48,139,59,59,77,138,59,59,77,260,111,111,144,239,102,102,133,785,785,603
B009Z6KML2,Gardenia,AY,150,90,90,90,96,57,58,65,85,51,51,53,93,56,56,56,90,54,54,54,68,41,41,41,66,40,40,40,93,56,56,56,762,763,455
B09CCP3WLZ,Salty Sea,BY,69,107,107,86,26,40,46,45,45,70,70,68,68,105,105,105,43,67,67,66,31,48,48,48,30,46,47,46,40,62,62,62,728,735,526
B00BVX5V0O,Peppermint,BZ,24,20,21,24,17,14,20,23,26,22,23,26,45,38,40,47,69,59,61,72,105,89,93,109,153,130,136,159,171,145,152,178,685,714,638
B009Z6KL2C,Blueberry,BX,46,59,59,59,56,72,71,72,47,60,60,60,49,63,63,63,49,63,62,63,58,74,74,74,43,55,55,55,47,60,60,60,704,702,506
B07582SRL4,Raspberry,AX,153,80,85,67,84,44,46,62,112,59,62,67,116,61,64,96,122,64,67,101,94,49,52,78,76,40,42,63,62,33,34,51,678,700,585
B0FJ3M1JRR,Honeysuckle Vine,BZ,0,0,86,52,0,0,81,52,2,36,2,52,12,10,11,12,17,14,15,17,35,30,31,35,49,42,44,49,89,76,79,89,558,699,358
B06ZZXJPWS,Apple Pie,AY,56,36,36,39,48,31,30,34,60,38,38,42,140,89,89,113,190,121,121,153,150,95,95,121,110,70,70,89,99,63,63,80,694,693,671
B017WOXLZM,Winter Mint,BZ,28,24,25,29,32,27,28,34,42,36,37,34,61,52,54,71,64,54,57,75,83,71,74,97,170,144,151,199,99,84,88,116,664,686,655
B06ZYS49FF,Wisteria,BY,89,84,87,98,50,47,49,56,59,56,58,66,40,38,39,50,35,33,34,44,49,46,48,61,42,40,41,52,39,37,38,49,664,677,476
B071DFPN1B,Dirt,BZ,70,59,62,43,73,62,65,43,70,59,62,43,178,151,158,204,14,48,38,72,95,81,85,109,44,37,39,50,37,31,33,42,648,662,606
B00U20EEZU,Fresh Cut Grass,AY,173,76,79,67,150,66,69,67,109,48,50,67,155,68,71,119,129,57,59,99,73,49,34,56,42,19,19,32,53,23,24,41,655,654,548
B0BTMZ2RZ8,Cake Batter,AY,119,51,51,59,122,52,52,61,145,62,62,73,105,45,45,59,87,37,37,49,117,50,50,66,81,35,35,45,57,24,24,32,651,651,444
B00LOX535E,Apricot,BX,28,44,44,41,26,41,41,38,29,46,46,42,28,44,44,38,35,55,55,48,24,38,38,33,36,57,57,49,52,82,82,71,620,620,360
B07582BNMV,Watermelon,BY,156,78,78,99,113,56,56,72,166,83,83,107,104,52,52,75,78,39,39,57,61,30,30,44,22,11,11,16,38,19,19,28,594,594,498
B07JJVV3MY,Clove,BY,47,33,33,42,51,36,36,42,56,39,39,42,79,56,55,90,105,74,74,120,103,73,72,118,104,73,73,119,57,40,40,65,575,573,638
B00LOX5A16,Grapefruit,BY,50,60,60,59,10,12,18,20,19,23,23,25,36,43,43,44,26,31,31,32,43,51,51,52,39,47,46,47,37,44,44,45,510,515,324
B09CCMXN5M,Old Books,BX,59,37,37,45,54,34,34,41,63,39,40,49,96,60,60,87,45,28,28,41,73,46,46,66,84,53,53,76,35,22,22,32,493,494,437
B06ZYS3YYK,Night Air,BX,66,40,40,47,57,35,35,41,65,40,39,48,56,34,34,46,70,43,42,58,71,43,43,59,56,34,34,46,59,36,36,49,483,481,394
B06ZZMSJ9Y,Lotus Blossom,BX,55,39,39,42,62,44,44,47,78,55,55,60,58,41,41,47,46,33,33,38,42,30,30,34,33,23,23,27,42,30,30,34,467,467,329
B00LOX5CY6,Ylang Ylang,CY,30,47,48,44,11,17,24,21,32,51,51,46,20,32,32,27,13,21,27,18,25,40,40,34,36,57,57,49,24,38,38,33,430,444,272
B071XV1G7R,Lime,BY,49,60,56,54,18,22,29,38,28,34,32,38,38,46,44,40,30,36,35,31,26,32,30,27,20,24,23,21,34,41,39,36,442,435,285
B01LX1OWVG,Mistletoe,BZ,13,11,12,18,8,7,7,11,15,13,13,18,23,20,20,28,33,28,29,40,47,40,42,78,115,98,102,141,146,124,130,178,412,426,512
B01DMRH2QW,Root Beer,CX,34,44,42,42,24,31,30,30,35,46,44,43,30,39,37,37,29,38,36,36,29,38,36,36,35,46,44,44,33,43,41,41,438,423,309
B07JJ97FRS,Maple Syrup,BY,64,29,42,41,20,9,13,28,76,35,35,51,110,50,50,87,95,44,43,75,91,42,42,72,79,36,36,63,25,11,11,20,404,420,437
B00U20ED8I,Chocolate Mint,CY,14,21,23,20,12,18,20,17,9,14,15,13,21,32,34,28,21,32,35,28,31,47,51,41,47,72,77,62,21,32,49,28,373,409,237
B01M193921,Orangesicle,BX,48,48,48,46,29,29,29,28,28,28,28,27,25,25,25,23,30,30,30,28,25,25,25,23,22,22,22,20,31,31,31,28,398,398,223
B08GBTKBRY,Hibiscus,BY,86,48,53,51,62,35,38,41,80,45,49,51,72,40,44,53,54,30,33,39,51,28,31,37,12,35,7,9,24,13,15,18,389,385,299
B071DFNX7Z,Papaya,CY,26,52,52,47,8,16,22,24,19,38,38,34,8,32,16,13,14,28,28,22,10,20,20,16,23,46,46,37,19,38,38,30,388,378,223
B0BTMX7718,Strawberry Lemonade,BY,66,47,47,52,57,41,40,45,51,36,36,40,41,29,29,34,26,18,18,21,36,26,26,30,26,18,18,21,24,17,17,20,366,365,263
B01LY0WASP,Peaches & Cream,BY,46,31,31,32,60,40,40,42,32,21,21,23,31,21,21,22,42,28,28,30,29,19,19,20,17,11,11,12,27,18,18,19,357,357,200
B071Y4CTKH,Fig,BY,79,44,44,42,28,16,21,25,45,25,25,31,68,38,38,53,55,31,31,43,48,27,27,38,33,18,18,26,41,23,23,32,348,353,290
B00U20EDY2,Cupcake,BY,54,30,30,35,33,18,18,26,30,16,17,26,31,17,17,19,41,23,23,25,38,21,21,23,44,24,24,27,34,19,19,21,342,343,202
B07JHC8KRB,Cola,CX,48,45,45,38,26,24,24,26,25,23,24,25,32,30,30,35,30,28,28,33,30,28,28,33,27,25,25,29,35,33,33,38,331,332,257
B01DMRPRNM,Smores,CY,34,26,26,30,24,18,18,22,26,20,20,24,35,26,26,33,36,27,27,39,49,37,37,46,41,31,31,38,18,22,32,44,297,307,276
B00BVX5W80,Snickerdoodle,BY,45,22,22,16,24,12,12,16,32,16,16,16,37,18,18,26,104,51,51,74,102,50,50,72,70,34,34,50,52,26,25,37,305,304,307
B01DMPILKK,Caramel Corn,BY,37,20,20,26,37,20,20,26,42,23,23,30,61,33,33,49,90,49,49,73,60,32,32,49,26,14,14,21,18,10,10,15,286,286,289
B09CCYR8NS,Champagne,BY,64,39,39,40,41,25,25,31,31,19,19,24,34,21,20,30,47,28,28,42,27,25,16,24,17,25,10,15,33,20,20,29,309,284,235
B06ZZN3CGL,Fresh Cut Wood,CY,21,18,18,20,18,16,16,17,19,17,16,18,29,25,25,29,29,25,25,29,55,48,48,55,29,25,25,29,15,13,16,15,277,279,212
B07W7L92K4,Honeydew,CY,42,32,32,38,36,27,27,33,36,27,27,33,36,27,27,37,27,20,20,28,30,23,23,31,13,10,11,13,17,13,13,18,273,274,231
B071Y4CTKC,Pecan Pie,CZ,14,10,10,11,13,10,10,11,23,17,17,16,56,42,41,51,95,70,69,87,36,27,26,47,29,22,21,27,32,24,23,29,273,268,279
B009Z6KMBW,Freesia,CY,37,40,41,39,15,16,16,20,19,21,21,20,18,20,20,19,14,15,15,14,28,31,31,29,13,14,14,13,12,13,13,12,267,268,166
B09CCX1XYD,Seashore,CY,13,19,19,20,14,21,21,22,24,35,35,27,29,43,43,48,14,21,21,23,8,12,12,13,9,13,13,15,23,34,34,38,264,264,206
B00BVX5XBG,Awapuhi & Seaberry,CY,18,27,26,24,13,20,19,17,19,29,28,25,8,12,12,10,11,17,16,13,5,8,7,6,18,27,26,22,18,27,26,22,244,237,139
B07JJSD111,Churro,CX,16,15,15,15,10,9,9,11,22,20,20,21,26,24,24,25,24,22,22,23,21,19,19,20,18,16,16,17,26,24,24,25,219,219,157
B09CCP86PC,Moss,BY,57,23,23,18,28,11,11,17,48,20,19,18,47,19,19,39,50,20,20,42,65,26,26,54,24,10,10,20,24,10,10,20,219,218,228
B017WPBVI0,Coffee Cake,CY,16,11,11,13,9,6,6,7,23,15,15,13,38,26,25,32,34,23,23,28,39,26,26,33,44,30,29,37,21,14,14,18,219,217,181
B09CCM7DNT,Evergreen Forest,CY,19,10,10,11,17,8,8,11,39,20,20,11,55,28,28,45,38,19,19,31,71,36,36,58,62,31,31,51,42,21,21,34,213,213,252
B07JJRWJLX,Café Mocha,CX,29,19,19,23,22,14,14,17,12,8,8,10,24,15,15,22,33,21,21,30,32,21,20,29,27,17,17,24,22,14,14,20,209,208,175
B09CD3V2SK,Warm Rustic Woods,CY,10,9,9,10,5,4,7,10,20,18,18,19,35,31,31,33,7,15,19,27,31,27,27,30,15,13,13,14,13,11,11,12,192,199,155
B07582HCXL,Black Licorice,CZ,12,9,9,11,56,42,41,14,27,20,20,14,40,30,29,41,35,26,26,36,23,17,17,23,6,15,4,6,9,7,7,9,209,196,154
B08GBTDW7L,Tropical Breeze,CY,48,24,24,32,60,30,30,32,41,20,20,32,24,12,12,29,23,12,12,28,23,12,12,28,16,8,8,19,15,8,8,18,192,192,218
B01LWQ0X0N,Coconut Cream Pie,CX,30,20,20,23,14,9,9,10,36,24,24,27,26,17,17,21,24,16,16,19,23,15,15,18,16,10,10,13,16,10,10,13,183,183,144
B09CD864MT,Mountain Air,CY,24,16,16,18,26,17,17,19,19,12,12,14,29,19,19,24,28,18,18,23,30,19,19,25,17,11,11,14,10,6,8,8,175,177,145
B06ZZX2GBC,Verbena,CX,24,16,16,18,11,7,10,12,18,12,12,14,24,16,16,20,16,10,10,13,18,12,12,15,22,14,14,18,22,14,14,18,173,176,128
B00BVX5XYS,Ambrosia,CY,10,12,12,13,2,2,2,7,14,16,16,18,14,16,16,20,8,9,9,11,19,22,22,27,14,16,16,20,19,22,22,27,176,176,143
B01DMR7TG0,Orchid,CY,46,24,23,21,40,20,20,21,46,24,23,21,33,17,16,21,25,13,12,16,23,12,12,15,14,18,12,9,9,5,4,6,185,174,130
B07581XC54,Pearberry,CY,39,20,20,28,21,10,10,15,28,14,14,21,26,13,13,22,32,16,16,26,20,14,10,17,12,6,6,10,21,10,10,17,178,174,156
B075838C7D,Candy Apple,CY,14,8,7,10,12,7,6,9,27,16,14,20,47,28,25,40,38,22,20,32,31,18,17,26,15,15,13,24,13,15,15,25,185,173,186
B00LOX5BNI,Passion Fruit,CY,38,19,24,24,33,16,16,21,36,18,18,24,30,15,15,23,20,10,10,16,9,16,4,7,11,6,6,9,7,4,4,5,176,169,129
B08GBVM955,Island Life,CY,19,15,20,17,27,22,28,22,19,15,20,17,11,9,11,10,14,11,14,13,8,6,8,7,8,6,8,7,4,3,4,4,133,159,97
B09CD3SPBV,Redwood Forest,CX,19,13,13,16,9,6,6,8,13,9,9,11,20,14,14,19,23,16,16,22,22,15,15,21,25,17,17,23,15,10,10,14,155,155,134
B0BTMXH61S,Hot Fudge,CY,17,8,8,11,30,15,15,11,15,8,8,10,32,16,16,27,27,14,14,23,43,22,22,37,18,9,9,15,28,14,14,24,139,139,158
B07W7LW2MW,Lemongrass,CY,25,12,12,15,18,9,11,13,17,8,8,10,23,12,12,16,13,14,6,11,16,8,8,11,9,4,7,6,25,12,12,17,138,135,99
B07W6JZSCJ,Bacon,CY,19,10,10,13,17,8,8,12,21,10,10,13,34,17,17,27,11,6,7,9,26,13,13,21,22,11,11,18,13,6,6,10,129,130,123
B08GC775VK,Hawaiian Ginger,CY,24,13,13,14,29,15,15,14,15,8,8,11,21,11,11,17,17,9,9,14,18,10,10,14,13,7,7,10,10,5,5,8,125,125,102
B071CL4NTT,Red Poppy,CY,27,20,20,21,13,10,10,11,16,12,12,13,11,8,8,10,16,12,12,14,15,11,11,13,10,7,7,9,5,4,4,4,124,124,95
B00LOX54HG,Azalea,CY,12,14,14,16,7,8,8,9,7,8,8,9,7,8,8,9,4,5,4,7,5,6,6,7,8,9,9,11,5,6,6,7,118,117,75
B09CCKW3PT,Wedding Cake,CY,1,1,13,12,1,1,1,8,8,9,9,9,12,13,13,13,11,12,12,12,8,9,9,9,5,6,6,5,7,8,8,8,105,117,76
B06ZZ3373H,Primrose,CY,13,16,16,13,2,2,2,5,6,7,7,8,10,12,12,13,2,2,2,3,8,10,10,11,6,7,7,8,5,6,6,7,101,101,68
B09CCR7K43,Sand,CY,18,11,11,13,12,7,7,10,15,9,9,13,21,12,12,22,9,5,5,9,9,5,5,9,7,4,4,7,10,6,6,11,93,93,94
B0182S0B32,Candy Corn,CZ,0,0,0,2,4,3,3,2,7,5,5,2,27,20,20,0,42,31,31,0,23,17,17,0,5,4,5,0,0,0,0,0,87,88,6
B075813H8L,Jelly Bean,CZ,5,4,4,6,1,1,1,6,5,4,4,6,4,3,3,4,6,4,4,6,5,4,4,5,6,4,4,6,2,1,1,2,77,77,41
B0757YRS6Y,Thyme,CY,6,4,4,5,4,3,3,4,3,2,2,4,8,6,6,7,5,3,3,4,4,3,3,3,4,3,3,3,7,5,5,6,53,53,36
B01CT4AJX2,Basil,CY,7,4,4,0,8,4,4,0,12,6,6,0,16,8,8,0,6,3,3,0,6,3,3,0,6,3,3,0,11,6,6,0,48,48,0
